<?xml version="1.0" encoding="UTF-8"?>
<project-private xmlns="http://www.netbeans.org/ns/project-private/1">
    <editor-bookmarks xmlns="http://www.netbeans.org/ns/editor-bookmarks/2" lastBookmarkId="0"/>
    <open-files xmlns="http://www.netbeans.org/ns/projectui-open-files/2">
        <group>
            <file>file:/C:/Users/Van%20Do/Documents/TAFE/Assignment/Project%20Vehicle/VehiclePhase1/src/vehiclephase1/Journey.java</file>
            <file>file:/C:/Users/Van%20Do/Documents/TAFE/Assignment/Project%20Vehicle/VehiclePhase1/src/vehiclephase1/FuelPurchase.java</file>
            <file>file:/C:/Users/Van%20Do/Documents/TAFE/Assignment/Project%20Vehicle/VehiclePhase1/src/vehiclephase1/Vehicle.java</file>
            <file>file:/C:/Users/Van%20Do/Documents/TAFE/Assignment/Project%20Vehicle/VehiclePhase1/src/vehiclephase1/VehiclePhase1.java</file>
        </group>
    </open-files>
</project-private>
