<?xml version="1.0" encoding="UTF-8"?>
<project-private xmlns="http://www.netbeans.org/ns/project-private/1">
    <editor-bookmarks xmlns="http://www.netbeans.org/ns/editor-bookmarks/2" lastBookmarkId="0"/>
    <open-files xmlns="http://www.netbeans.org/ns/projectui-open-files/2">
        <group>
            <file>file:/C:/Users/Van%20Do/Documents/TAFE/Assignment/Project%20Vehicle/VehiclePhase2/src/vehiclephase2/Journey.java</file>
            <file>file:/C:/Users/Van%20Do/Documents/TAFE/Assignment/Project%20Vehicle/VehiclePhase2/src/vehiclephase2/VehiclePhase2.java</file>
            <file>file:/C:/Users/Van%20Do/Documents/TAFE/Assignment/Project%20Vehicle/VehiclePhase2/src/vehiclephase2/Vehicle.java</file>
            <file>file:/C:/Users/Van%20Do/Documents/TAFE/Assignment/Project%20Vehicle/VehiclePhase2/src/vehiclephase2/PerKmRental.java</file>
            <file>file:/C:/Users/Van%20Do/Documents/TAFE/Assignment/Project%20Vehicle/VehiclePhase2/src/vehiclephase2/FuelPurchase.java</file>
            <file>file:/C:/Users/Van%20Do/Documents/TAFE/Assignment/Project%20Vehicle/VehiclePhase2/src/vehiclephase2/Service.java</file>
            <file>file:/C:/Users/Van%20Do/Documents/TAFE/Assignment/Project%20Vehicle/VehiclePhase2/src/vehiclephase2/PerDayRental.java</file>
        </group>
    </open-files>
</project-private>
